,prompt,filename
0,"L'Etoile d'Or offers a luxurious and intimate dining experience, adorned with opulent gold accents, crystal chandeliers, and elegant silk drapery. The soft lighting and plush velvet seating create an atmosphere of romance and sophistication, while the floor-to-ceiling windows offer breathtaking views of the Eiffel Tower.",L'Etoile_d'Or.jpg
1,"Sakura No Hana provides an exquisite and serene dining experience, featuring traditional Japanese architecture and design elements. Guests are surrounded by natural wood and stone, with delicate cherry blossom motifs adorning the walls. The floor-to-ceiling windows overlook a beautiful Japanese garden, creating an atmosphere of tranquility and harmony.",Sakura_No_Hana.jpg
2,"Taman Sari, meaning 'Water Garden' in Indonesian, offers a breathtaking open-air dining experience. The restaurant is adorned with traditional Balinese carvings, lush tropical greenery, and water features. Guests can enjoy the stunning ocean views while indulging in the flavors of Bali, as the gentle sea breeze adds to the enchanting atmosphere.",Taman_Sari.jpg
3,"Le Lagon offers an unparalleled tropical dining experience, with a stunning open-air setting overlooking the turquoise waters of Bora Bora's lagoon. Surrounded by lush vegetation, the restaurant features Polynesian-inspired design elements, such as thatched-roof pavilions, hand-carved sculptures, and warm lighting. Guests can savor the exquisite cuisine while enjoying the gentle ocean breeze and breathtaking views of Mount Otemanu.",Le_Lagon.jpg
4,"Inti Raymi, named after the Inca festival celebrating the sun god, offers a luxurious dining experience that embraces the rich cultural heritage of the Sacred Valley. The dining room features rustic stone walls, high wooden ceilings, and warm lighting, creating an atmosphere of sophistication and tranquility. Floor-to-ceiling windows showcase breathtaking views of the Andes Mountains, while local textiles and artwork pay homage to the region's indigenous roots.",Inti_Raymi.jpg
5,"Majani, meaning 'green' in Swahili, offers a luxurious and unique dining experience amidst the breathtaking landscapes of the Serengeti. The dining room features elegant wood furnishings, warm lighting, and African-inspired décor. Large open-air terraces allow guests to savor the flavors of the region while enjoying the magnificent views of the surrounding savannah and the majestic wildlife that inhabits it.",Majani.jpg
6,"La Serenissima, named after the historic Republic of Venice, provides an unparalleled dining experience within a lavish and elegant setting. The dining room boasts magnificent Venetian chandeliers, intricately frescoed ceilings, and luxurious silk wall coverings. Large windows overlooking the Grand Canal offer guests an enchanting view of Venice's timeless beauty as they indulge in the exquisite cuisine and fine Italian wines.",La_Serenissima.jpg
7,"Le Paradis des Douceurs, situated within the opulent Four Seasons Hotel George V, transports guests to a world of indulgence and delight. The dining room features elegant crystal chandeliers, luxurious fabrics, and intricate moldings that reflect the grandeur of Parisian architecture. Floor-to-ceiling windows provide a stunning view of the hotel's beautiful gardens, creating an enchanting atmosphere in which to savor the exquisite dessert creations and fine wine pairings.",Le_Paradis_des_Douceurs.jpg
8,"L'Étoile des Neiges offers a luxurious dining experience amidst the breathtaking surroundings of the French Alps. The dining room features warm wood accents, an elegant stone fireplace, and plush seating, creating a cozy ambiance. Large windows provide panoramic views of the snow-capped mountains, allowing guests to savor the exquisite cuisine and carefully selected wine pairings while immersed in the enchanting alpine landscape.",L'Étoile_des_Neiges.jpg
9,"Nordic Essence, inspired by the innovative culinary techniques and flavors of Noma and other renowned Nordic restaurants, offers a truly unique and immersive dining experience in the heart of Helsinki. The dining room showcases elegant modern design with natural elements, reflecting the beauty of Finland's pristine landscapes. Large windows overlook the city's stunning architecture, while warm lighting and delicate textiles create an intimate ambiance in which to indulge in the extraordinary tasting menu and expertly curated wine pairings.",Nordic_Essence.jpg
10,"Deutscher Geschmack celebrates the rich culinary heritage of Germany with a modern and refined twist. The dining room is a blend of contemporary elegance and traditional German design, featuring dark wood accents, plush seating, and warm lighting. Large windows provide a view of the bustling city of Berlin, while the intimate atmosphere allows guests to savor the superbly crafted tasting menu and carefully chosen wine pairings.",Deutscher_Geschmack.jpg
11,"The Red Planet Bistro at Four Seasons Mars Base One presents an out-of-this-world dining experience like no other. The dining room features panoramic windows overlooking the Martian landscape, allowing guests to marvel at the red planet's unique beauty while savoring the innovative cuisine. The design seamlessly blends cutting-edge technology with the comfort and luxury expected from the Four Seasons brand. Enjoy the specially crafted tasting menu, showcasing the best of both Earth-imported and Mars-grown ingredients, paired with an exquisite selection of interstellar wines.",The_Red_Planet_Bistro.jpg
12,"Verdant Elegance is a three-Michelin-star vegan restaurant located within the prestigious Four Seasons Hotel in New York City. The dining room features floor-to-ceiling windows with stunning views of the city skyline, creating a sophisticated atmosphere. Luxurious furnishings, contemporary design, and an unparalleled commitment to sustainable, plant-based dining make Verdant Elegance a truly unforgettable experience. Indulge in the meticulously crafted tasting menu, showcasing innovative vegan cuisine, and savor the expertly curated wine pairings from a world-class sommelier.",Verdant_Elegance.jpg
13,"Fisherman's Grill at Four Seasons Resort Maldives at Kuda Huraa is a seaside restaurant specializing in freshly grilled fish and seafood. The dining room is open-air with panoramic ocean views, creating a relaxed and inviting atmosphere. Enjoy a delectable tasting menu showcasing the best local catches and expertly paired wines, surrounded by the natural beauty of the Maldives. With its attentive service, superb cuisine, and breathtaking setting, Fisherman's Grill is a dining experience not to be missed.",Fisherman's_Grill.jpg
14,"Imperial Caviar showcases the opulence of Russia's culinary heritage with lavish interiors featuring rich red velvet, sparkling crystal chandeliers, and floor-to-ceiling windows overlooking the Winter Palace. The restaurant pays homage to the grandeur of the tsarist era with its impeccable service and indulgent menu offerings.",Imperial_Caviar.jpg
15,"Alcazar is a luxurious dining oasis that combines modern elegance with the rich culinary traditions of the Middle East. The opulent interiors are adorned with gold accents, intricate mosaics, and plush seating. Floor-to-ceiling windows offer sweeping views of Dubai's skyline and the glittering Arabian Gulf.",Alcazar.jpg
16,"Nordic Haven is an enchanting dining experience that showcases the natural beauty and unique flavors of Iceland. The minimalist, yet elegant, dining room features floor-to-ceiling windows that provide panoramic views of the aurora borealis and the surrounding rugged landscape. The innovative menu highlights the best of Nordic cuisine, with a focus on local and seasonal ingredients.",Nordic_Haven.jpg
17,"La Dolce Vita offers a harmonious blend of traditional and contemporary Italian cuisine in a breathtaking setting. The dining room is adorned with elegant furnishings, warm lighting, and a frescoed ceiling that evokes the beauty of the Tuscan countryside. Expansive windows overlook the rolling hills and vineyards, creating an atmosphere of serene indulgence.",La_Dolce_Vita.jpg
18,"Island Elysium is an exclusive dining experience that offers unparalleled tranquility and privacy on the secluded Azure Isle. Accessible only by private jet, this prestigious three-Michelin-starred restaurant highlights the island's natural bounty, with a focus on locally grown, preserved, and smoked ingredients. The intimate dining room, surrounded by lush tropical foliage and breathtaking ocean views, provides an unforgettable culinary journey into the heart of paradise.",Island_Elysium.jpg
19,"Le Jardin Zen combines the tranquility of a Japanese garden with the sophistication of Parisian flair. The dining room is adorned with delicate cherry blossoms and intricate French-inspired wall art. The gentle murmur of a nearby koi pond, combined with the warm ambient lighting, creates a serene and intimate atmosphere for guests to immerse themselves in the captivating fusion of French and Japanese culinary arts.",Le_Jardin_Zen.jpg
20,"Cielo Azul invites you to experience the vibrant colors and flavors of Mexican cuisine in an elegant and modern setting. The dining room features a breathtaking mural of a blue sky with golden sunrays, evoking the warmth and beauty of Mexico. Handcrafted wooden furniture, traditional pottery, and the soft glow of candlelight create an intimate and welcoming atmosphere, where guests can savor the diverse and delectable tastes of Mexico.",Cielo_Azul.jpg
21,"The American Tapestry celebrates the rich culinary traditions of the United States in an elegant and historic setting. Located in the heart of Washington, D.C., the restaurant showcases classic dishes from various regions, capturing the essence of American cuisine. With warm lighting, vintage photographs, and antique maps adorning the walls, guests are invited to embark on a gastronomic journey that pays homage to the diverse flavors and heritage of the nation.",The_American_Tapestry.jpg
22,"Lab de Sabores invites guests into a world of culinary innovation, where art meets science in a sleek, modern dining space. Glass walls offer a glimpse into the bustling kitchen, where Chef Gomez and his team create their avant-garde masterpieces. Suspended geometric light fixtures and clean lines evoke a sense of sophistication and futuristic elegance, setting the stage for a truly unique gastronomic experience.",Lab_de_Sabores.jpg
23,"Kai 'Olu offers an exquisite dining experience that pays homage to Hawaii's rich culinary heritage, with breathtaking views of the Pacific Ocean and the lush gardens of the Four Seasons Resort. The dining room is adorned with warm woods, vibrant textiles, and intricate artwork inspired by traditional Hawaiian motifs. Soft, ambient lighting and the gentle sound of ocean waves create a serene and intimate atmosphere, allowing guests to savor the flavors of the islands in a luxurious and elegant setting.",Kai_'Olu.jpg
24,"Sen Vàng offers an elevated dining experience that showcases the vibrant flavors and rich culinary traditions of Vietnam. The elegant dining room is adorned with silk lanterns, intricate wood carvings, and a stunning view of the resort's tropical gardens and reflecting pools. The harmonious blend of traditional and contemporary design elements creates an ambiance of refined sophistication, providing the perfect setting for guests to savor the essence of Vietnamese cuisine.",Sen_Vàng.jpg
25,"Sarvottam transports guests on a gastronomic journey through the rich and diverse flavors of India, reimagining traditional dishes with a vegan, haute cuisine approach. The luxurious dining room features intricate Jaipuri block-printed textiles, handcrafted brass chandeliers, and opulent marble flooring. Floor-to-ceiling windows offer breathtaking views of the Arabian Sea, providing the perfect backdrop for a truly unforgettable dining experience.",Sarvottam.jpg
26,"Nestled within the historic Palais Royale, Le Jardin Végétal offers a luxurious vegan dining experience that reinterprets classic French cuisine. The opulent dining room features ornate chandeliers, lavish silk draperies, and intricate gold accents. Floor-to-ceiling windows overlook the palace gardens, while the attentive staff ensures an unforgettable evening of gastronomic delights.",Le_Jardin_Végétal.jpg
27,"Sushi Zenkai offers an extraordinary Omakase experience, led by world-renowned Chef Takashi Saito. The intimate, minimalist dining room features a beautiful hinoki wood sushi counter, where guests can watch the masterful craftsmanship of the chef up close. The attentive staff ensures an unparalleled sushi experience that will leave guests in awe.",Sushi_Zenkai.jpg
28,"Perched atop the Swiss Alps, Alpine Heights offers a breathtaking dining experience with panoramic views of snow-capped peaks and pristine valleys. The cozy and intimate dining room features rustic timber beams, a roaring fireplace, and plush velvet seating. The exquisite menu showcases the best of Swiss cuisine, elevated by modern techniques and seasonal, locally sourced ingredients.",Alpine_Heights.jpg
29,"Galactic Delights offers an out-of-this-world dining experience, set in the heart of New New York's Futurama. The sleek and modern dining room boasts panoramic views of the city's futuristic skyline, with hovering vehicles and interstellar traffic visible through the floor-to-ceiling windows. The menu showcases innovative fusion dishes, utilizing exotic ingredients sourced from across the universe, prepared with cutting-edge techniques that blur the line between science and culinary art.",Galactic_Delights.jpg
30,"Le Festin Opulent offers a dining experience fit for royalty in the heart of the South of France's most glamorous casino. The elegant dining room is adorned with gold accents, shimmering chandeliers, and opulent silk drapery. The expansive floor-to-ceiling windows offer breathtaking views of the Mediterranean coastline, while the indulgent menu showcases the most exquisite and luxurious ingredients, masterfully crafted into a truly decadent feast.",Le_Festin_Opulent.jpg
31,"The Golden Aegean offers an unparalleled dining experience, combining the finest ingredients from the Greek islands with the most luxurious and decadent touches. The elegant dining room features stunning panoramic views of the Aegean Sea, while the outdoor terrace allows guests to dine under the stars. The menu showcases the best of traditional Greek cuisine, reimagined with an opulent twist, for an unforgettable gastronomic experience.",The_Golden_Aegean.jpg
32,"La Cucina dei Sogni welcomes guests to a world of unparalleled Italian luxury, set within the majestic confines of a historic Sicilian palazzo. The opulent dining room is adorned with frescoes, marble floors, and crystal chandeliers, providing an elegant and romantic atmosphere. The menu, curated by renowned Chef Alessandro De Angelis, celebrates the finest Italian ingredients and traditional dishes, while an expert sommelier ensures the perfect wine pairings for a truly unforgettable dining experience.",La_Cucina_dei_Sogni.jpg
33,"Parkview Elegance offers an exquisite dining experience in a sophisticated setting, high above the city on the 55th floor of the Four Seasons Skyscraper. The floor-to-ceiling windows provide breathtaking panoramic views of Central Park, while the opulent dining room features plush velvet seating, crystal chandeliers, and fine art. The menu, crafted by Chef Thomas Kingsley, showcases the finest ingredients and innovative techniques, paired with a remarkable wine list for an unforgettable culinary journey.",Parkview_Elegance.jpg
34,"Aurora Borealis is a breathtaking dining experience that combines the beauty of Icelandic nature with the bold flavors of Korean cuisine. Set within the enchanting Four Seasons Ice and Geyser Palace, the restaurant features a magnificent ice-carved chandelier, floor-to-ceiling windows overlooking geysers, and plush seating designed to reflect the Northern Lights. Chef Hyeon Min-jun masterfully blends the finest local ingredients with Korean culinary techniques for an unforgettable fusion feast.",Aurora_Borealis.jpg
35,"Pescado Sagrado offers an unparalleled dining experience in the heart of the South American jungle, accessible only by helicopter. This exclusive Four Seasons Jungle Retreat restaurant blends modern culinary techniques with the rich history and flavors of indigenous culture. The elegantly designed dining room features floor-to-ceiling windows that immerse guests in the lush jungle surroundings, while the open-air terrace provides a unique opportunity to dine under the stars.",Pescado_Sagrado.jpg
36,"Sol y Sakura presents a stunning fusion of Spanish and Japanese cuisines in the heart of San Francisco at the luxurious Four Seasons Hotel. The elegant dining room showcases breathtaking views of the San Francisco Bay through its expansive windows, while a stylish outdoor terrace allows guests to enjoy the city's renowned skyline. The restaurant's unique menu, designed by acclaimed Chef Isabella Sánchez, offers a harmonious blend of flavors that will transport diners on a remarkable culinary journey.",Sol_y_Sakura.jpg
37,"Le Papillon d'Or is an iconic Four Seasons restaurant located in the heart of Reims, adorned with exquisite Art Nouveau details and luxurious furnishings. The restaurant offers an exceptional dining experience, featuring a menu of traditional French cuisine expertly paired with a selection of both prestigious and affordable champagnes. The elegant atmosphere and extraordinary service make Le Papillon d'Or the perfect destination for a truly unforgettable evening.",Le_Papillon_d'Or.jpg
38,"Le Château des Choux, nestled within a lavish Parisian palace, is a truly unique dining experience that highlights the exquisite art of cream puff pastry. The elegant setting, with its opulent chandeliers and plush velvet seating, provides the perfect backdrop for Chef Marie Dubois's innovative savory and sweet creations. Each dish is thoughtfully paired with a wine from various French regions, showcasing the diverse flavors of the country's rich culinary heritage.",Le_Château_des_Choux.jpg
39,"La Esencia, located in the heart of Malaga, showcases the rich flavors of Spanish cuisine, combining time-honored recipes with modern culinary techniques. The elegant dining room features warm colors, rustic wooden accents, and vibrant Spanish artwork. The stunning views of the Mediterranean Sea provide a breathtaking backdrop for an unforgettable gastronomic experience, enhanced by a selection of the finest Spanish wines and cava.",La_Esencia.jpg
40,"La Dame de Pic, a Michelin-starred French restaurant, offers an exquisite culinary experience in the heart of London. The elegant dining room features soft lighting, warm colors, and luxurious furnishings, creating a serene atmosphere for guests to enjoy. Chef Anne-Sophie Pic's contemporary cuisine focuses on aromatic herbs and spices, beautifully showcasing her passion for creating memorable, harmonious dishes. Each course is paired with a carefully selected wine, enhancing the flavors and providing a truly unforgettable dining experience.",La_Dame_de_Pic.jpg
41,"The Imperial Room is a luxurious restaurant located within the Four Seasons Hotel George V in Paris. Known for its opulent décor and historic charm, the restaurant features hand-painted silk walls, ornate plasterwork ceilings, polished wood tables, and plush velvet chairs. A grand chandelier made of crystal and gold serves as the centerpiece of this classic, elegant dining space. The sophisticated menu, created by Chef Pierre Gagnaire, showcases classic French cuisine with a modern twist, using the finest ingredients like caviar, truffles, and foie gras. The impeccable, attentive service and extensive wine list, including rare vintages and exclusive labels, complete the unforgettable dining experience at The Imperial Room.",The_Imperial_Room.jpg
